Title | Type | SJR | H index | Total Docs. (2023) | Total Docs. (3years) | Total Refs. (2023) | Total Cites (3years) | Citable Docs. (3years) | Cites / Doc. (2years) | Ref. / Doc. (2023) | %Female (2023) | 
1 | Ca-A Cancer Journal for Clinicians | journal | 106.094 Q1 | 211 | 49 | 124 | 4844 | 35427 | 89 | 381.89 | 98.86 | 43.95 | 
2 | Foundations and Trends in Machine Learning | journal | 37.044 Q1 | 39 | 3 | 13 | 897 | 955 | 13 | 100.11 | 299.00 | 27.78 | 
3 | Nature Reviews Molecular Cell Biology | journal | 35.910 Q1 | 508 | 123 | 336 | 11462 | 13599 | 153 | 34.50 | 93.19 | 29.41 | 
4 | Quarterly Journal of Economics | journal | 30.448 Q1 | 306 | 47 | 136 | 3645 | 2240 | 136 | 11.14 | 77.55 | 26.67 | 
5 | Nature Reviews Cancer | journal | 26.837 Q1 | 505 | 105 | 304 | 10805 | 10951 | 163 | 31.23 | 102.90 | 44.33 | 
6 | Cell | journal | 24.342 Q1 | 892 | 439 | 1496 | 32820 | 53447 | 1207 | 31.30 | 74.76 | 40.19 | 
7 | Nature Reviews Drug Discovery | journal | 22.399 Q1 | 391 | 239 | 731 | 8584 | 13091 | 153 | 19.72 | 35.92 | 34.15 | 
8 | American Economic Review | journal | 22.344 Q1 | 359 | 95 | 353 | 6242 | 4811 | 351 | 10.33 | 65.71 | 23.89 | 
9 | Nature Reviews Materials | journal | 21.836 Q1 | 184 | 117 | 335 | 8842 | 13775 | 196 | 31.17 | 75.57 | 26.86 | 
10 | Nature Reviews Clinical Oncology | journal | 21.048 Q1 | 217 | 127 | 400 | 9888 | 10807 | 183 | 28.36 | 77.86 | 38.85 | 
11 | New England Journal of Medicine | journal | 20.544 Q1 | 1184 | 1388 | 4522 | 14603 | 107246 | 1824 | 21.69 | 10.52 | 38.26 | 
12 | Journal of Finance | journal | 19.139 Q1 | 352 | 83 | 227 | 5043 | 1938 | 221 | 7.00 | 60.76 | 16.91 | 
13 | Nature Medicine | journal | 19.045 Q1 | 630 | 595 | 1363 | 16478 | 36243 | 729 | 27.23 | 27.69 | 43.99 | 
14 | Current Protocols in Bioinformatics | journal | 18.663 Q1 | 71 | 0 | 19 | 0 | 963 | 19 | 0.00 | 0.00 | 0.00 | 
15 | MMWR supplements | journal | 18.587 Q1 | 23 | 11 | 16 | 0 | 802 | 16 | 47.57 | 0.00 | 81.69 | 
16 | Journal of Political Economy | journal | 18.530 Q1 | 215 | 83 | 261 | 4493 | 2531 | 258 | 7.04 | 54.13 | 17.80 | 
17 | Nature | journal | 18.509 Q1 | 1391 | 3770 | 8037 | 74917 | 160102 | 3840 | 19.40 | 19.87 | 38.12 | 
18 | Nature Biotechnology | journal | 18.117 Q1 | 511 | 485 | 1066 | 13393 | 17008 | 461 | 13.24 | 27.61 | 35.19 | 
19 | Chemical Reviews | journal | 17.828 Q1 | 833 | 271 | 851 | 115878 | 50519 | 819 | 49.76 | 427.59 | 30.50 | 
20 | Econometrica | journal | 17.701 Q1 | 223 | 75 | 273 | 3371 | 1946 | 268 | 6.24 | 44.95 | 13.84 | 
21 | Review of Financial Studies | journal | 17.654 Q1 | 234 | 108 | 410 | 6448 | 4495 | 409 | 8.04 | 59.70 | 16.43 | 
22 | Cancer Cell | journal | 17.507 Q1 | 398 | 178 | 590 | 11546 | 12604 | 360 | 19.83 | 64.87 | 41.91 | 
23 | Nature Energy | journal | 17.497 Q1 | 229 | 229 | 609 | 6629 | 16808 | 379 | 26.18 | 28.95 | 29.53 | 
24 | Nature Genetics | journal | 17.300 Q1 | 639 | 336 | 654 | 13672 | 13100 | 504 | 19.88 | 40.69 | 37.01 | 
25 | Reviews of Modern Physics | journal | 16.061 Q1 | 388 | 36 | 103 | 14097 | 4303 | 99 | 42.66 | 391.58 | 14.94 | 
26 | Nature Reviews Immunology | journal | 16.009 Q1 | 467 | 169 | 540 | 11148 | 13815 | 304 | 23.17 | 65.96 | 36.44 | 
27 | IEEE Communications Surveys and Tutorials | journal | 15.966 Q1 | 264 | 102 | 252 | 19168 | 11266 | 244 | 38.64 | 187.92 | 24.30 | 
28 | World Psychiatry | journal | 15.827 Q1 | 140 | 106 | 297 | 4359 | 4041 | 62 | 12.99 | 41.12 | 41.35 | 
29 | Annual Review of Immunology | journal | 15.620 Q1 | 328 | 23 | 84 | 4178 | 2696 | 83 | 27.02 | 181.65 | 40.68 | 
30 | National Vital Statistics Reports | journal | 14.943 Q1 | 115 | 16 | 42 | 403 | 896 | 41 | 24.10 | 25.19 | 77.78 | 
31 | Nature Methods | journal | 14.796 Q1 | 388 | 400 | 978 | 11477 | 15900 | 588 | 17.52 | 28.69 | 33.83 | 
32 | Advances in Physics | journal | 14.780 Q1 | 123 | 0 | 13 | 0 | 374 | 11 | 12.56 | 0.00 | 0.00 | 
33 | Nano Research Energy | journal | 14.707 Q1 | 32 | 46 | 35 | 4815 | 2160 | 34 | 61.71 | 104.67 | 36.44 | 
34 | MMWR Recommendations and Reports | journal | 14.618 Q1 | 160 | 70 | 247 | 587 | 5353 | 230 | 21.11 | 8.39 | 58.79 | 
35 | Academy of Management Annals | journal | 14.605 Q1 | 109 | 23 | 72 | 5797 | 1938 | 70 | 14.90 | 252.04 | 45.57 | 
36 | Nature Nanotechnology | journal | 14.577 Q1 | 419 | 262 | 637 | 10044 | 17562 | 466 | 27.42 | 38.34 | 28.93 | 
37 | Nature Reviews Genetics | journal | 14.293 Q1 | 421 | 123 | 346 | 10202 | 6211 | 207 | 17.40 | 82.94 | 32.86 | 
38 | Nature Materials | journal | 14.231 Q1 | 558 | 306 | 834 | 9499 | 20730 | 593 | 24.08 | 31.04 | 24.85 | 
39 | Administrative Science Quarterly | journal | 14.175 Q1 | 210 | 28 | 92 | 3163 | 1260 | 86 | 10.59 | 112.96 | 42.59 | 
40 | Annals of Oncology | journal | 13.942 Q1 | 294 | 144 | 670 | 5180 | 12698 | 362 | 18.81 | 35.97 | 39.02 | 
41 | Journal of Financial Economics | journal | 13.655 Q1 | 311 | 89 | 563 | 4857 | 6315 | 559 | 11.14 | 54.57 | 23.11 | 
42 | Review of Economic Studies | journal | 13.609 Q1 | 165 | 93 | 250 | 5332 | 1699 | 250 | 6.02 | 57.33 | 15.88 | 
43 | Immunity | journal | 13.578 Q1 | 455 | 233 | 688 | 15608 | 13409 | 550 | 16.89 | 66.99 | 40.35 | 
44 | Nature Catalysis | journal | 13.315 Q1 | 136 | 180 | 471 | 6682 | 12109 | 368 | 24.27 | 37.12 | 26.28 | 
45 | Morbidity and Mortality Weekly Report | journal | 13.080 Q1 | 260 | 243 | 827 | 1865 | 14374 | 679 | 16.58 | 7.67 | 62.53 | 
46 | Chemical Society Reviews | journal | 12.511 Q1 | 635 | 252 | 983 | 61439 | 44032 | 979 | 38.71 | 243.81 | 32.40 | 
47 | American Economic Journal: Macroeconomics | journal | 12.324 Q1 | 81 | 55 | 137 | 2838 | 862 | 137 | 6.20 | 51.60 | 17.36 | 
48 | Nature Reviews Methods Primers | journal | 12.294 Q1 | 46 | 62 | 154 | 8174 | 4174 | 86 | 27.10 | 131.84 | 31.14 | 
49 | eScience | journal | 12.288 Q1 | 44 | 60 | 79 | 4858 | 3323 | 78 | 42.06 | 80.97 | 33.06 | 
50 | Nature Neuroscience | journal | 12.261 Q1 | 479 | 281 | 622 | 12439 | 10101 | 497 | 14.93 | 44.27 | 39.09 |

Title | Type | SJR | H index | Total Docs. (2023) | Total Docs. (3years) | Total Refs. (2023) | Total Cites (3years) | Citable Docs. (3years) | Cites / Doc. (2years) | Ref. / Doc. (2023) | %Female (2023) | 
51 | Lancet Oncology, The | journal | 12.179 Q1 | 408 | 393 | 1455 | 5354 | 17873 | 634 | 11.39 | 13.62 | 42.77 | 
52 | Lancet, The | journal | 12.113 Q1 | 895 | 1398 | 4046 | 22192 | 65313 | 1370 | 14.35 | 15.87 | 51.49 | 
53 | Science | journal | 11.902 Q1 | 1336 | 2181 | 8261 | 42348 | 117779 | 4229 | 13.46 | 19.42 | 33.89 | 
54 | Nature Cancer | journal | 11.900 Q1 | 61 | 176 | 453 | 7513 | 5933 | 297 | 12.27 | 42.69 | 43.45 | 
55 | Journal of Marketing | journal | 11.799 Q1 | 284 | 56 | 173 | 4217 | 2865 | 152 | 15.09 | 75.30 | 37.57 | 
56 | Annual Review of Pathology: Mechanisms of Disease | journal | 11.748 Q1 | 147 | 22 | 63 | 3087 | 2361 | 63 | 28.74 | 140.32 | 33.33 | 
57 | Joule | journal | 11.724 Q1 | 187 | 218 | 681 | 10656 | 18624 | 525 | 25.40 | 48.88 | 25.06 | 
58 | Nature Electronics | journal | 11.667 Q1 | 109 | 196 | 507 | 5029 | 9336 | 303 | 16.04 | 25.66 | 24.33 | 
59 | Nature Reviews Chemistry | journal | 11.603 Q1 | 109 | 107 | 283 | 7360 | 5690 | 172 | 19.84 | 68.79 | 25.58 | 
60 | Cell Metabolism | journal | 11.406 Q1 | 345 | 182 | 608 | 11807 | 12494 | 489 | 18.60 | 64.87 | 41.80 | 
61 | Nature Immunology | journal | 11.274 Q1 | 440 | 303 | 771 | 10345 | 10949 | 529 | 13.85 | 34.14 | 44.58 | 
62 | Nature Photonics | journal | 11.249 Q1 | 385 | 209 | 516 | 6870 | 10826 | 362 | 19.59 | 32.87 | 20.68 | 
63 | Journal of Economic Literature | journal | 11.092 Q1 | 180 | 36 | 76 | 4802 | 1055 | 75 | 12.18 | 133.39 | 35.80 | 
64 | Energy and Environmental Science | journal | 10.935 Q1 | 436 | 461 | 1124 | 37113 | 36095 | 1117 | 30.56 | 80.51 | 29.72 | 
65 | Physiological Reviews | journal | 10.821 Q1 | 388 | 51 | 129 | 21543 | 4032 | 119 | 31.12 | 422.41 | 37.79 | 
66 | Journal of Clinical Oncology | journal | 10.639 Q1 | 624 | 783 | 1664 | 20976 | 26011 | 1205 | 13.64 | 26.79 | 41.81 | 
67 | Academy of Management Review | journal | 10.486 Q1 | 306 | 43 | 146 | 4234 | 2361 | 137 | 17.09 | 98.47 | 25.00 | 
68 | MMWR Surveillance Summaries | journal | 10.275 Q1 | 121 | 9 | 113 | 401 | 2441 | 102 | 21.97 | 44.56 | 75.00 | 
69 | Cell Stem Cell | journal | 10.253 Q1 | 305 | 151 | 548 | 9041 | 7464 | 425 | 12.46 | 59.87 | 41.05 | 
70 | Lancet Diabetes and Endocrinology,The | journal | 10.247 Q1 | 173 | 194 | 575 | 4605 | 7030 | 222 | 12.48 | 23.74 | 41.98 | 
71 | Nature Reviews Disease Primers | journal | 10.215 Q1 | 186 | 69 | 274 | 7205 | 7476 | 189 | 24.62 | 104.42 | 39.71 | 
72 | Living Reviews in Relativity | journal | 10.188 Q1 | 93 | 5 | 14 | 4669 | 473 | 14 | 25.80 | 933.80 | 25.50 | 
73 | Psychological Science in the Public Interest | journal | 9.887 Q1 | 60 | 10 | 21 | 1051 | 450 | 12 | 10.36 | 105.10 | 61.54 | 
74 | Journal of Hepatology | journal | 9.857 Q1 | 301 | 426 | 1327 | 15192 | 18226 | 685 | 12.66 | 35.66 | 36.89 | 
75 | Annual Review of Condensed Matter Physics | journal | 9.821 Q1 | 87 | 19 | 55 | 3059 | 1219 | 55 | 15.56 | 161.00 | 15.38 | 
76 | Annual Review of Biochemistry | journal | 9.745 Q1 | 321 | 17 | 93 | 2560 | 1605 | 93 | 12.75 | 150.59 | 36.96 | 
77 | Nature Reviews Gastroenterology and Hepatology | journal | 9.741 Q1 | 193 | 155 | 459 | 9634 | 9010 | 283 | 17.88 | 62.15 | 33.84 | 
78 | Astronomy and Astrophysics Review | journal | 9.664 Q1 | 78 | 5 | 24 | 2659 | 622 | 24 | 26.00 | 531.80 | 16.67 | 
79 | Nature Reviews Microbiology | journal | 9.639 Q1 | 372 | 173 | 503 | 9764 | 12098 | 361 | 26.41 | 56.44 | 34.39 | 
80 | Nature Reviews Earth and Environment | journal | 9.521 Q1 | 67 | 121 | 345 | 8513 | 7894 | 229 | 20.41 | 70.36 | 34.66 | 
81 | Cell Research | journal | 9.506 Q1 | 216 | 144 | 457 | 4762 | 7465 | 238 | 12.65 | 33.07 | 37.70 | 
82 | Annual Review of Psychology | journal | 9.438 Q1 | 279 | 23 | 84 | 3671 | 2317 | 81 | 27.02 | 159.61 | 47.06 | 
83 | Lancet Public Health, The | journal | 9.434 Q1 | 90 | 165 | 504 | 4230 | 7588 | 218 | 12.32 | 25.64 | 42.59 | 
84 | Molecular Cell | journal | 9.332 Q1 | 443 | 388 | 1261 | 25235 | 14868 | 1093 | 10.75 | 65.04 | 38.89 | 
85 | Advanced Materials | journal | 9.191 Q1 | 640 | 2652 | 4816 | 205113 | 141178 | 4781 | 28.44 | 77.34 | 32.35 | 
86 | Journal of Econometrics | journal | 9.161 Q1 | 188 | 288 | 472 | 13566 | 3517 | 454 | 9.30 | 47.10 | 19.93 | 
87 | Lancet Gastroenterology and Hepatology, The | journal | 8.957 Q1 | 105 | 235 | 671 | 4964 | 7447 | 255 | 9.92 | 21.12 | 46.48 | 
88 | American Economic Journal: Applied Economics | journal | 8.933 Q1 | 109 | 54 | 140 | 3650 | 925 | 140 | 5.20 | 67.59 | 25.19 | 
89 | Annual Review of Economics | journal | 8.925 Q1 | 76 | 28 | 88 | 2805 | 730 | 88 | 6.70 | 100.18 | 22.22 | 
90 | Acta Numerica | journal | 8.913 Q1 | 85 | 7 | 19 | 1443 | 372 | 19 | 16.54 | 206.14 | 12.50 | 
91 | Nature Cell Biology | journal | 8.913 Q1 | 409 | 240 | 556 | 9691 | 6540 | 421 | 9.91 | 40.38 | 40.14 | 
92 | Reviews of Geophysics | journal | 8.853 Q1 | 191 | 16 | 67 | 6100 | 1852 | 65 | 25.02 | 381.25 | 32.29 | 
93 | Cell Genomics | journal | 8.807 Q1 | 20 | 140 | 108 | 9664 | 954 | 82 | 8.83 | 69.03 | 38.63 | 
94 | Journal of the American College of Cardiology | journal | 8.762 Q1 | 493 | 631 | 2380 | 15404 | 21232 | 1052 | 8.22 | 24.41 | 31.41 | 
95 | Science immunology | journal | 8.761 Q1 | 106 | 152 | 517 | 9106 | 7832 | 497 | 14.04 | 59.91 | 41.87 | 
96 | Advanced Energy Materials | journal | 8.748 Q1 | 319 | 979 | 2210 | 75985 | 59605 | 2195 | 25.38 | 77.61 | 30.16 | 
97 | Signal Transduction and Targeted Therapy | journal | 8.737 Q1 | 117 | 457 | 1105 | 58854 | 23888 | 665 | 20.66 | 128.78 | 41.19 | 
98 | Advances in Optics and Photonics | journal | 8.735 Q1 | 88 | 14 | 41 | 4278 | 1198 | 38 | 25.25 | 305.57 | 12.66 | 
99 | IEEE Journal on Selected Areas in Communications | journal | 8.707 Q1 | 263 | 271 | 724 | 12672 | 11814 | 706 | 14.83 | 46.76 | 26.38 | 
100 | Annual Review of Neuroscience | journal | 8.658 Q1 | 261 | 20 | 76 | 2705 | 1168 | 76 | 13.12 | 135.25 | 40.00 |

Title | Type | SJR | H index | Total Docs. (2023) | Total Docs. (3years) | Total Refs. (2023) | Total Cites (3years) | Citable Docs. (3years) | Cites / Doc. (2years) | Ref. / Doc. (2023) | %Female (2023) | 
101 | eLight | journal | 8.650 Q1 | 22 | 24 | 30 | 1592 | 774 | 29 | 25.80 | 66.33 | 25.00 | 
102 | Lancet Neurology, The | journal | 8.589 Q1 | 355 | 276 | 802 | 5512 | 9503 | 330 | 10.24 | 19.97 | 42.69 | 
103 | Circulation | journal | 8.415 Q1 | 674 | 539 | 2028 | 16395 | 27681 | 1313 | 13.29 | 30.42 | 34.11 | 
104 | Psychological Bulletin | journal | 8.412 Q1 | 359 | 23 | 108 | 4948 | 2752 | 107 | 18.32 | 215.13 | 62.63 | 
105 | Nature Reviews Cardiology | journal | 8.408 Q1 | 183 | 153 | 497 | 10482 | 7493 | 251 | 14.28 | 68.51 | 26.47 | 
106 | Journal of Accounting and Economics | journal | 8.337 Q1 | 187 | 63 | 137 | 3951 | 1052 | 135 | 5.81 | 62.71 | 21.92 | 
107 | Academy of Management Journal | journal | 8.271 Q1 | 375 | 73 | 223 | 7952 | 2620 | 221 | 10.01 | 108.93 | 39.89 | 
108 | Nature Physics | journal | 8.228 Q1 | 334 | 423 | 1020 | 12661 | 11028 | 630 | 10.14 | 29.93 | 20.23 | 
109 | Molecular Cancer | journal | 8.222 Q1 | 196 | 190 | 525 | 23895 | 14728 | 449 | 23.31 | 125.76 | 38.33 | 
110 | AI Open | journal | 8.119 Q1 | 16 | 21 | 46 | 1045 | 1720 | 44 | 18.17 | 49.76 | 30.68 | 
111 | Gut | journal | 8.052 Q1 | 348 | 434 | 1034 | 14742 | 15775 | 653 | 15.00 | 33.97 | 38.99 | 
112 | Foundations and Trends in Finance | journal | 8.051 Q1 | 23 | 0 | 4 | 0 | 17 | 4 | 6.50 | 0.00 | 0.00 | 
113 | Nature Microbiology | journal | 7.982 Q1 | 138 | 257 | 627 | 13099 | 9427 | 468 | 12.68 | 50.97 | 39.74 | 
114 | Lancet Respiratory Medicine,The | journal | 7.965 Q1 | 182 | 286 | 959 | 5528 | 11689 | 439 | 11.34 | 19.33 | 42.63 | 
115 | Nature Biomedical Engineering | journal | 7.951 Q1 | 116 | 201 | 441 | 11275 | 8533 | 347 | 20.56 | 56.09 | 31.96 | 
116 | Endocrine Reviews | journal | 7.922 Q1 | 307 | 40 | 95 | 7025 | 2339 | 95 | 22.37 | 175.63 | 43.13 | 
117 | Journal of Thoracic Oncology | journal | 7.879 Q1 | 178 | 266 | 803 | 6857 | 7329 | 395 | 9.53 | 25.78 | 39.88 | 
118 | Nature Reviews Neuroscience | journal | 7.860 Q1 | 474 | 109 | 405 | 9497 | 4615 | 256 | 11.20 | 87.13 | 41.21 | 
119 | JAMA Oncology | journal | 7.843 Q1 | 173 | 349 | 1225 | 6132 | 9916 | 523 | 7.62 | 17.57 | 39.66 | 
120 | Nature Reviews Physics | journal | 7.833 Q1 | 70 | 132 | 374 | 8774 | 5665 | 187 | 16.28 | 66.47 | 19.21 | 
121 | Lancet Psychiatry,The | journal | 7.827 Q1 | 145 | 219 | 882 | 4322 | 9448 | 316 | 7.95 | 19.74 | 49.25 | 
122 | Strategic Management Journal | journal | 7.820 Q1 | 333 | 118 | 284 | 9855 | 3270 | 283 | 10.52 | 83.52 | 29.68 | 
123 | Progress in Materials Science | journal | 7.796 Q1 | 235 | 131 | 203 | 50591 | 8395 | 201 | 36.92 | 386.19 | 26.87 | 
124 | Review of Finance | journal | 7.769 Q1 | 77 | 61 | 129 | 3138 | 959 | 128 | 7.09 | 51.44 | 16.88 | 
125 | ACM Transactions on Graphics | journal | 7.766 Q1 | 251 | 268 | 848 | 17376 | 7936 | 848 | 8.80 | 64.84 | 20.96 | 
126 | Cell Host and Microbe | journal | 7.760 Q1 | 241 | 207 | 616 | 11553 | 8661 | 459 | 12.71 | 55.81 | 42.61 | 
127 | Neuron | journal | 7.728 Q1 | 530 | 357 | 1184 | 23601 | 12277 | 943 | 9.43 | 66.11 | 38.91 | 
128 | Nature Climate Change | journal | 7.724 Q1 | 267 | 316 | 823 | 10099 | 11926 | 446 | 13.56 | 31.96 | 32.89 | 
129 | Annual Review of Organizational Psychology and Organizational Behavior | journal | 7.706 Q1 | 75 | 21 | 52 | 2494 | 950 | 49 | 16.48 | 118.76 | 44.23 | 
130 | Annual Review of Plant Biology | journal | 7.555 Q1 | 298 | 28 | 109 | 4809 | 2473 | 104 | 18.76 | 171.75 | 37.89 | 
131 | Review of Economics and Statistics | journal | 7.553 Q1 | 200 | 87 | 220 | 3808 | 1366 | 220 | 5.40 | 43.77 | 24.53 | 
132 | Journal of Management | journal | 7.539 Q1 | 280 | 161 | 229 | 20053 | 4236 | 215 | 17.16 | 124.55 | 34.52 | 
133 | Cancer Discovery | journal | 7.533 Q1 | 229 | 341 | 1297 | 8166 | 13169 | 986 | 10.13 | 23.95 | 41.52 | 
134 | Journal of Hematology and Oncology | journal | 7.522 Q1 | 144 | 115 | 531 | 11441 | 12065 | 413 | 20.83 | 99.49 | 40.48 | 
135 | Journal of Economic Perspectives | journal | 7.496 Q1 | 224 | 42 | 124 | 2644 | 1325 | 124 | 7.59 | 62.95 | 42.27 | 
136 | Living Reviews in Solar Physics | journal | 7.472 Q1 | 68 | 4 | 11 | 1893 | 253 | 11 | 19.00 | 473.25 | 10.00 | 
137 | Nature Protocols | journal | 7.419 Q1 | 303 | 152 | 493 | 9025 | 8033 | 488 | 13.03 | 59.38 | 36.05 | 
138 | Annual Review of Genetics | journal | 7.366 Q1 | 200 | 19 | 71 | 3057 | 844 | 71 | 8.94 | 160.89 | 46.55 | 
139 | Nature Sustainability | journal | 7.366 Q1 | 115 | 250 | 516 | 9291 | 10802 | 379 | 18.52 | 37.16 | 34.58 | 
140 | Gastroenterology | journal | 7.362 Q1 | 466 | 558 | 2271 | 11604 | 20955 | 1130 | 7.65 | 20.80 | 37.67 | 
141 | Annual Review of Clinical Psychology | journal | 7.348 Q1 | 145 | 19 | 63 | 2469 | 1409 | 63 | 18.96 | 129.95 | 54.17 | 
142 | Lancet Digital Health, The | journal | 7.277 Q1 | 66 | 133 | 394 | 3587 | 5304 | 193 | 13.67 | 26.97 | 43.73 | 
143 | Nature Reviews Endocrinology | journal | 7.274 Q1 | 203 | 148 | 480 | 7209 | 5908 | 227 | 10.85 | 48.71 | 43.22 | 
144 | The Innovation | journal | 7.268 Q1 | 41 | 143 | 294 | 5368 | 5223 | 177 | 19.20 | 37.54 | 34.51 | 
145 | ACS Energy Letters | journal | 7.202 Q1 | 195 | 606 | 1443 | 30127 | 28217 | 1382 | 18.42 | 49.71 | 30.17 | 
146 | Genome Biology | journal | 7.197 Q1 | 301 | 288 | 896 | 20374 | 10700 | 865 | 9.65 | 70.74 | 39.38 | 
147 | Journal of the Academy of Marketing Science | journal | 7.194 Q1 | 207 | 114 | 189 | 10166 | 3995 | 173 | 14.09 | 89.18 | 34.36 | 
148 | Nature Metabolism | journal | 7.192 Q1 | 75 | 226 | 515 | 10360 | 6320 | 395 | 10.84 | 45.84 | 40.83 | 
149 | Annals of Mathematics | journal | 7.154 Q1 | 137 | 32 | 98 | 1423 | 588 | 98 | 5.64 | 44.47 | 11.25 | 
150 | Nature Structural and Molecular Biology | journal | 7.151 Q1 | 303 | 258 | 501 | 11896 | 4477 | 388 | 8.31 | 46.11 | 33.40 |

Title | Type | SJR | H index | Total Docs. (2023) | Total Docs. (3years) | Total Refs. (2023) | Total Cites (3years) | Citable Docs. (3years) | Cites / Doc. (2years) | Ref. / Doc. (2023) | %Female (2023) | 
151 | Publications Mathematiques de l'Institut des Hautes Etudes Scientifiques | journal | 7.086 Q1 | 49 | 7 | 22 | 484 | 122 | 22 | 5.83 | 69.14 | 6.25 | 
152 | Nucleic Acids Research | journal | 7.048 Q1 | 637 | 1171 | 3873 | 68422 | 55841 | 3863 | 15.17 | 58.43 | 39.29 | 
153 | Nature Chemistry | journal | 6.940 Q1 | 291 | 280 | 662 | 10961 | 8948 | 511 | 12.55 | 39.15 | 26.86 | 
154 | European Urology | journal | 6.928 Q1 | 261 | 338 | 1278 | 5482 | 8525 | 390 | 7.35 | 16.22 | 29.16 | 
155 | Annual Review of Physiology | journal | 6.870 Q1 | 237 | 21 | 74 | 3209 | 1506 | 74 | 15.98 | 152.81 | 35.19 | 
156 | Journal of Experimental Medicine | journal | 6.838 Q1 | 490 | 222 | 815 | 10576 | 9703 | 779 | 10.15 | 47.64 | 44.04 | 
157 | Materials Science and Engineering: R: Reports | journal | 6.822 Q1 | 172 | 25 | 76 | 9139 | 2773 | 76 | 35.30 | 365.56 | 35.46 | 
158 | Electrochemical Energy Reviews | journal | 6.791 Q1 | 62 | 34 | 93 | 8854 | 2587 | 93 | 26.49 | 260.41 | 29.13 | 
159 | Fungal Diversity | journal | 6.787 Q1 | 123 | 18 | 67 | 5667 | 1404 | 64 | 20.37 | 314.83 | 42.86 | 
160 | Clinical Microbiology Reviews | journal | 6.762 Q1 | 331 | 24 | 109 | 5483 | 2846 | 108 | 17.21 | 228.46 | 30.00 | 
161 | Organizational Research Methods | journal | 6.712 Q1 | 138 | 48 | 90 | 4280 | 1195 | 87 | 13.80 | 89.17 | 30.08 | 
162 | International Journal of Computer Vision | journal | 6.668 Q1 | 221 | 218 | 471 | 15857 | 8320 | 457 | 16.03 | 72.74 | 26.08 | 
163 | Journal of the European Economic Association | journal | 6.658 Q1 | 119 | 35 | 233 | 2078 | 1081 | 233 | 4.46 | 59.37 | 17.05 | 
164 | Journal of Accounting Research | journal | 6.625 Q1 | 169 | 46 | 116 | 3101 | 767 | 116 | 5.71 | 67.41 | 25.62 | 
165 | Science Robotics | journal | 6.601 Q1 | 101 | 94 | 297 | 3891 | 5224 | 233 | 16.40 | 41.39 | 24.66 | 
166 | Journal of Monetary Economics | journal | 6.564 Q1 | 149 | 87 | 329 | 3460 | 1536 | 327 | 4.19 | 39.77 | 19.79 | 
167 | Chem | journal | 6.556 Q1 | 144 | 281 | 798 | 14147 | 12069 | 634 | 12.19 | 50.35 | 29.08 | 
168 | American Economic Journal: Economic Policy | journal | 6.519 Q1 | 88 | 55 | 173 | 3495 | 1053 | 173 | 5.66 | 63.55 | 25.36 | 
169 | Science Translational Medicine | journal | 6.510 Q1 | 284 | 292 | 1149 | 18171 | 15426 | 1102 | 14.71 | 62.23 | 42.40 | 
170 | Nano-Micro Letters | journal | 6.484 Q1 | 116 | 239 | 609 | 23341 | 16977 | 608 | 29.81 | 97.66 | 34.55 | 
171 | Annual Review of Cell and Developmental Biology | journal | 6.456 Q1 | 240 | 18 | 66 | 2682 | 792 | 63 | 11.12 | 149.00 | 43.18 | 
172 | Journal of Applied Psychology | journal | 6.453 Q1 | 340 | 83 | 373 | 9641 | 4659 | 369 | 10.44 | 116.16 | 47.40 | 
173 | Physics Reports | journal | 6.435 Q1 | 318 | 52 | 158 | 22361 | 4528 | 158 | 25.65 | 430.02 | 17.55 | 
174 | Journal of the American Mathematical Society | journal | 6.428 Q1 | 110 | 23 | 65 | 1327 | 303 | 65 | 5.12 | 57.70 | 10.00 | 
175 | Neuro-Oncology | journal | 6.348 Q1 | 163 | 229 | 779 | 6987 | 7925 | 489 | 11.64 | 30.51 | 45.08 | 
176 | Lancet Infectious Diseases, The | journal | 6.329 Q1 | 291 | 481 | 1543 | 7910 | 14929 | 644 | 9.72 | 16.44 | 46.56 | 
177 | Review of Asset Pricing Studies | journal | 6.315 Q1 | 29 | 15 | 75 | 866 | 715 | 74 | 2.74 | 57.73 | 12.12 | 
178 | ACM Computing Surveys | journal | 6.280 Q1 | 213 | 308 | 531 | 51722 | 13816 | 531 | 25.70 | 167.93 | 24.57 | 
179 | Advances in Methods and Practices in Psychological Science | journal | 6.269 Q1 | 42 | 37 | 89 | 2208 | 1445 | 85 | 17.14 | 59.68 | 50.00 | 
180 | JAMA Psychiatry | journal | 6.241 Q1 | 408 | 231 | 667 | 5888 | 7292 | 392 | 11.37 | 25.49 | 44.32 | 
181 | Nature Reviews Neurology | journal | 6.237 Q1 | 207 | 150 | 451 | 8192 | 5342 | 272 | 10.61 | 54.61 | 39.74 | 
182 | Intensive Care Medicine | journal | 6.232 Q1 | 237 | 325 | 1055 | 5385 | 8954 | 407 | 7.09 | 16.57 | 41.40 | 
183 | JAMA Cardiology | journal | 6.231 Q1 | 113 | 236 | 887 | 4180 | 6503 | 437 | 6.46 | 17.71 | 28.62 | 
184 | Lancet Global Health,The | journal | 6.221 Q1 | 136 | 396 | 1078 | 7221 | 7986 | 391 | 5.98 | 18.23 | 42.74 | 
185 | Progress in Polymer Science | journal | 6.211 Q1 | 331 | 50 | 158 | 14572 | 4512 | 154 | 26.51 | 291.44 | 37.38 | 
186 | Advanced Powder Materials | journal | 6.197 Q1 | 28 | 42 | 42 | 2751 | 1235 | 40 | 29.40 | 65.50 | 33.33 | 
187 | JAMA Neurology | journal | 6.194 Q1 | 272 | 230 | 721 | 5235 | 7026 | 402 | 8.86 | 22.76 | 39.93 | 
188 | IEEE Transactions on Pattern Analysis and Machine Intelligence | journal | 6.158 Q1 | 417 | 1132 | 1248 | 79813 | 26320 | 1236 | 19.32 | 70.51 | 25.30 | 
189 | Philosophical Review, The | journal | 6.146 Q1 | 65 | 7 | 29 | 683 | 170 | 25 | 2.89 | 97.57 | 0.00 | 
190 | Annals of the Rheumatic Diseases | journal | 6.138 Q1 | 288 | 413 | 1445 | 10750 | 11076 | 597 | 7.71 | 26.03 | 42.89 | 
191 | Progress in Energy and Combustion Science | journal | 6.114 Q1 | 228 | 31 | 98 | 10672 | 3409 | 97 | 35.19 | 344.26 | 27.84 | 
192 | Nature Human Behaviour | journal | 6.097 Q1 | 98 | 263 | 623 | 13887 | 9322 | 448 | 13.00 | 52.80 | 35.20 | 
193 | Proceedings of the IEEE | journal | 6.085 Q1 | 325 | 65 | 303 | 11573 | 7186 | 297 | 28.12 | 178.05 | 22.15 | 
194 | Journal of Labor Economics | journal | 6.084 Q1 | 131 | 41 | 123 | 2045 | 548 | 122 | 3.88 | 49.88 | 29.67 | 
195 | Foundations and Trends in Signal Processing | journal | 6.069 Q1 | 20 | 2 | 7 | 287 | 109 | 7 | 20.60 | 143.50 | 25.00 | 
196 | Pharmacological Reviews | journal | 6.050 Q1 | 254 | 35 | 102 | 13259 | 2111 | 100 | 19.42 | 378.83 | 33.99 | 
197 | Trends in Cell Biology | journal | 6.002 Q1 | 263 | 133 | 292 | 10327 | 3983 | 283 | 9.32 | 77.65 | 35.28 | 
198 | Journal of Marketing Research | journal | 5.984 Q1 | 202 | 77 | 191 | 5278 | 1433 | 187 | 6.11 | 68.55 | 38.33 | 
199 | Molecular Plant | journal | 5.967 Q1 | 162 | 181 | 553 | 10789 | 9110 | 442 | 10.41 | 59.61 | 38.52 | 
200 | Materials Today | journal | 5.949 Q1 | 228 | 181 | 474 | 25607 | 10877 | 472 | 20.91 | 141.48 | 32.44 |

Title | Type | SJR | H index | Total Docs. (2023) | Total Docs. (3years) | Total Refs. (2023) | Total Cites (3years) | Citable Docs. (3years) | Cites / Doc. (2years) | Ref. / Doc. (2023) | %Female (2023) | 
201 | Accounts of Chemical Research | journal | 5.948 Q1 | 453 | 338 | 949 | 20102 | 17780 | 926 | 16.68 | 59.47 | 29.07 | 
202 | Nature Machine Intelligence | journal | 5.940 Q1 | 67 | 176 | 428 | 8504 | 7872 | 304 | 14.59 | 48.32 | 25.08 | 
203 | Nature Reviews Nephrology | journal | 5.939 Q1 | 161 | 128 | 420 | 8851 | 5515 | 235 | 10.53 | 69.15 | 41.64 | 
204 | JAMA - Journal of the American Medical Association | journal | 5.928 Q1 | 768 | 1621 | 4755 | 13837 | 44961 | 1818 | 7.80 | 8.54 | 44.11 | 
205 | IEEE Wireless Communications | journal | 5.926 Q1 | 188 | 167 | 460 | 1879 | 5302 | 420 | 10.00 | 11.25 | 23.93 | 
206 | Progress in Retinal and Eye Research | journal | 5.923 Q1 | 189 | 52 | 159 | 14915 | 3186 | 158 | 19.93 | 286.83 | 36.45 | 
207 | European Journal of Heart Failure | journal | 5.919 Q1 | 171 | 362 | 1036 | 10963 | 7251 | 538 | 6.57 | 30.28 | 30.45 | 
208 | Annual Review of Entomology | journal | 5.909 Q1 | 230 | 24 | 75 | 3272 | 1650 | 72 | 15.14 | 136.33 | 30.51 | 
209 | Physical Review X | journal | 5.896 Q1 | 183 | 194 | 768 | 15685 | 9373 | 763 | 12.01 | 80.85 | 21.08 | 
210 | Nature Geoscience | journal | 5.874 Q1 | 263 | 236 | 559 | 9607 | 7058 | 436 | 10.91 | 40.71 | 27.45 | 
211 | Developmental Cell | journal | 5.828 Q1 | 295 | 216 | 817 | 15915 | 6887 | 673 | 8.08 | 73.68 | 44.39 | 
212 | Entrepreneurship Theory and Practice | journal | 5.819 Q1 | 198 | 91 | 160 | 10508 | 2631 | 145 | 15.69 | 115.47 | 38.26 | 
213 | International Journal of Information Management | journal | 5.775 Q1 | 177 | 95 | 464 | 9818 | 13119 | 450 | 24.28 | 103.35 | 28.01 | 
214 | Review of Educational Research | journal | 5.772 Q1 | 186 | 43 | 74 | 5366 | 1338 | 73 | 12.59 | 124.79 | 64.39 | 
215 | JACC: Heart Failure | journal | 5.724 Q1 | 106 | 290 | 519 | 5573 | 2632 | 223 | 4.26 | 19.22 | 34.07 | 
216 | Nature Aging | journal | 5.705 Q1 | 30 | 199 | 282 | 7723 | 2481 | 174 | 8.80 | 38.81 | 43.10 | 
217 | Diabetes Care | journal | 5.694 Q1 | 418 | 403 | 1520 | 13962 | 16386 | 1188 | 11.21 | 34.65 | 45.33 | 
218 | InfoMat | journal | 5.672 Q1 | 69 | 87 | 217 | 7619 | 4709 | 216 | 21.05 | 87.57 | 35.57 | 
219 | Clinical Psychology Review | journal | 5.653 Q1 | 255 | 65 | 230 | 6664 | 3781 | 227 | 16.29 | 102.52 | 59.93 | 
220 | Information Fusion | journal | 5.647 Q1 | 156 | 377 | 462 | 31043 | 11404 | 450 | 20.93 | 82.34 | 28.05 | 
221 | Marketing Science | journal | 5.643 Q1 | 153 | 60 | 176 | 2494 | 1047 | 170 | 5.34 | 41.57 | 27.69 | 
222 | IEEE Transactions on Cybernetics | journal | 5.641 Q1 | 185 | 797 | 2103 | 31222 | 26174 | 2103 | 10.59 | 39.17 | 28.60 | 
223 | Organization Science | journal | 5.632 Q1 | 281 | 104 | 251 | 11655 | 1759 | 251 | 6.94 | 112.07 | 33.21 | 
224 | IEEE Communications Magazine | journal | 5.631 Q1 | 282 | 341 | 599 | 3566 | 5764 | 482 | 7.40 | 10.46 | 22.95 | 
225 | NCHS data brief | journal | 5.622 Q1 | 95 | 16 | 99 | 0 | 1553 | 99 | 9.35 | 0.00 | 76.67 | 
226 | Perspectives on Psychological Science | journal | 5.597 Q1 | 181 | 155 | 292 | 17429 | 4259 | 287 | 13.35 | 112.45 | 43.86 | 
227 | Annual Review of Biophysics | journal | 5.561 Q1 | 172 | 26 | 63 | 3721 | 800 | 63 | 10.94 | 143.12 | 30.77 | 
228 | Nature Chemical Biology | journal | 5.558 Q1 | 259 | 283 | 720 | 8927 | 6104 | 525 | 7.58 | 31.54 | 34.03 | 
229 | Nature Reviews Psychology | journal | 5.549 Q1 | 17 | 127 | 125 | 9660 | 893 | 48 | 7.14 | 76.06 | 54.00 | 
230 | Advanced Functional Materials | journal | 5.496 Q1 | 402 | 3240 | 6403 | 227642 | 125554 | 6369 | 18.99 | 70.26 | 33.52 | 
231 | JAMA Pediatrics | journal | 5.494 Q1 | 221 | 326 | 1151 | 6146 | 7253 | 369 | 6.52 | 18.85 | 55.43 | 
232 | EMBO Journal | journal | 5.489 Q1 | 429 | 332 | 875 | 24492 | 8011 | 778 | 8.50 | 73.77 | 42.02 | 
233 | Journal of the American Chemical Society | journal | 5.489 Q1 | 703 | 2986 | 7482 | 175673 | 110449 | 7464 | 14.13 | 58.83 | 30.11 | 
234 | Review of Accounting Studies | journal | 5.481 Q1 | 97 | 130 | 127 | 7683 | 954 | 127 | 7.03 | 59.10 | 29.91 | 
235 | Annual Review of Medicine | journal | 5.480 Q1 | 176 | 35 | 94 | 2893 | 1473 | 94 | 15.93 | 82.66 | 43.01 | 
236 | Manufacturing and Service Operations Management | journal | 5.466 Q1 | 110 | 167 | 362 | 7813 | 2582 | 359 | 5.36 | 46.78 | 27.79 | 
237 | Annual Review of Public Health | journal | 5.440 Q1 | 178 | 24 | 57 | 2571 | 1292 | 29 | 16.62 | 107.13 | 65.05 | 
238 | Management Science | journal | 5.438 Q1 | 290 | 388 | 1125 | 21282 | 7257 | 1118 | 5.57 | 54.85 | 23.40 | 
239 | Journal of Consumer Research | journal | 5.428 Q1 | 220 | 49 | 165 | 3498 | 1277 | 163 | 7.41 | 71.39 | 52.29 | 
240 | Review of Corporate Finance Studies | journal | 5.418 Q1 | 24 | 21 | 67 | 1089 | 665 | 67 | 2.24 | 51.86 | 29.31 | 
241 | Lancet Microbe, The | journal | 5.392 Q1 | 42 | 194 | 397 | 4066 | 3371 | 164 | 8.42 | 20.96 | 49.22 | 
242 | Energy Storage Materials | journal | 5.374 Q1 | 158 | 574 | 1635 | 45051 | 32636 | 1628 | 19.86 | 78.49 | 32.91 | 
243 | IEEE Transactions on Wireless Communications | journal | 5.371 Q1 | 251 | 1086 | 1927 | 28831 | 19313 | 1927 | 9.40 | 26.55 | 26.35 | 
244 | Advanced Photonics | journal | 5.361 Q1 | 42 | 71 | 116 | 3972 | 1722 | 86 | 16.95 | 55.94 | 28.92 | 
245 | Organization Studies | journal | 5.349 Q1 | 179 | 108 | 237 | 6385 | 2008 | 232 | 7.92 | 59.12 | 47.42 | 
246 | American Journal of Respiratory and Critical Care Medicine | journal | 5.336 Q1 | 423 | 625 | 2141 | 9239 | 11681 | 784 | 5.37 | 14.78 | 38.01 | 
247 | Annals of Statistics | journal | 5.335 Q1 | 192 | 97 | 446 | 5170 | 2128 | 442 | 3.72 | 53.30 | 21.15 | 
248 | Molecular Systems Biology | journal | 5.305 Q1 | 172 | 56 | 239 | 4036 | 2142 | 220 | 7.93 | 72.07 | 40.08 | 
249 | Angewandte Chemie - International Edition | journal | 5.300 Q1 | 640 | 4075 | 10226 | 249418 | 161620 | 10129 | 15.74 | 61.21 | 32.31 | 
250 | EnergyChem | journal | 5.274 Q1 | 40 | 20 | 64 | 5227 | 1455 | 64 | 23.00 | 261.35 | 42.86 |

Title | Type | SJR | H index | Total Docs. (2023) | Total Docs. (3years) | Total Refs. (2023) | Total Cites (3years) | Citable Docs. (3years) | Cites / Doc. (2years) | Ref. / Doc. (2023) | %Female (2023) | 
251 | Blood | journal | 5.272 Q1 | 525 | 819 | 2623 | 25762 | 20592 | 1657 | 7.41 | 31.46 | 44.18 | 
252 | IEEE Transactions on Evolutionary Computation | journal | 5.209 Q1 | 210 | 250 | 292 | 8233 | 4154 | 287 | 11.82 | 32.93 | 28.27 | 
253 | Molecular Neurodegeneration | journal | 5.205 Q1 | 115 | 91 | 221 | 10183 | 3064 | 211 | 12.38 | 111.90 | 41.03 | 
254 | Mycosphere | journal | 5.204 Q1 | 40 | 14 | 59 | 3439 | 910 | 58 | 10.23 | 245.64 | 39.38 | 
255 | Carbon Energy | journal | 5.202 Q1 | 53 | 149 | 157 | 11831 | 3484 | 157 | 21.29 | 79.40 | 31.79 | 
256 | Reports on Progress in Physics | journal | 5.195 Q1 | 247 | 42 | 119 | 12474 | 2233 | 119 | 19.76 | 297.00 | 20.09 | 
257 | Light: Science and Applications | journal | 5.187 Q1 | 153 | 297 | 737 | 13844 | 12224 | 650 | 15.25 | 46.61 | 27.00 | 
258 | Trends in Ecology and Evolution | journal | 5.165 Q1 | 381 | 161 | 425 | 8938 | 4514 | 332 | 10.25 | 55.52 | 39.57 | 
259 | Journal of Public Economics | journal | 5.144 Q1 | 174 | 169 | 416 | 8711 | 3684 | 414 | 5.66 | 51.54 | 26.87 | 
260 | Nature Plants | journal | 5.134 Q1 | 131 | 274 | 686 | 10476 | 6409 | 444 | 8.57 | 38.23 | 35.81 | 
261 | Brookings Papers on Economic Activity | journal | 5.133 Q1 | 96 | 5 | 50 | 97 | 284 | 47 | 2.85 | 19.40 | 41.67 | 
262 | Applied Catalysis B: Environmental | journal | 5.112 Q1 | 328 | 1045 | 3230 | 63928 | 70336 | 3225 | 21.83 | 61.18 | 33.95 | 
263 | Psychotherapy and Psychosomatics | journal | 5.104 Q1 | 117 | 46 | 177 | 1992 | 1693 | 105 | 10.27 | 43.30 | 45.10 | 
264 | American Political Science Review | journal | 5.070 Q1 | 203 | 193 | 302 | 13168 | 2435 | 294 | 6.59 | 68.23 | 35.12 | 
265 | Lancet Planetary Health, The | journal | 5.057 Q1 | 72 | 141 | 453 | 4641 | 5217 | 232 | 11.83 | 32.91 | 45.25 | 
266 | Nature Ecology and Evolution | journal | 5.056 Q1 | 118 | 296 | 810 | 13696 | 7470 | 566 | 7.84 | 46.27 | 38.98 | 
267 | Matter | journal | 5.048 Q1 | 88 | 341 | 998 | 17261 | 11629 | 719 | 10.60 | 50.62 | 28.91 | 
268 | Analytic Methods in Accident Research | journal | 5.020 Q1 | 54 | 33 | 88 | 2448 | 1303 | 88 | 14.39 | 74.18 | 29.11 | 
269 | Foundations and Trends in Systems and Control | journal | 5.016 Q1 | 19 | 0 | 6 | 0 | 60 | 6 | 10.67 | 0.00 | 0.00 | 
270 | Genes and Development | journal | 5.015 Q1 | 479 | 100 | 334 | 4807 | 2827 | 334 | 6.49 | 48.07 | 40.33 | 
271 | Hepatology | journal | 5.011 Q1 | 403 | 482 | 1570 | 16638 | 13572 | 1042 | 7.92 | 34.52 | 40.39 | 
272 | Journal of the National Cancer Institute | journal | 4.986 Q1 | 387 | 211 | 719 | 2601 | 4647 | 510 | 6.60 | 12.33 | 50.21 | 
273 | Genome Medicine | journal | 4.975 Q1 | 123 | 114 | 435 | 7848 | 4993 | 428 | 9.67 | 68.84 | 43.43 | 
274 | Radiocarbon | journal | 4.956 Q1 | 92 | 124 | 318 | 5568 | 2446 | 309 | 2.10 | 44.90 | 38.80 | 
275 | Lancet Regional Health - Europe, The | journal | 4.955 Q1 | 44 | 226 | 490 | 6752 | 3985 | 269 | 8.13 | 29.88 | 49.94 | 
276 | PRX Quantum | journal | 4.954 Q1 | 46 | 192 | 492 | 15899 | 4995 | 487 | 10.21 | 82.81 | 13.32 | 
277 | Foundations and Trends in Computer Graphics and Vision | journal | 4.952 Q1 | 27 | 2 | 7 | 375 | 145 | 7 | 7.50 | 187.50 | 25.00 | 
278 | Cancer Communications | journal | 4.950 Q1 | 79 | 108 | 289 | 4873 | 3552 | 176 | 12.39 | 45.12 | 40.77 | 
279 | Journal of Service Research | journal | 4.948 Q1 | 148 | 60 | 106 | 4376 | 1539 | 93 | 14.31 | 72.93 | 42.02 | 
280 | International Organization | journal | 4.932 Q1 | 163 | 28 | 115 | 2431 | 1112 | 113 | 8.61 | 86.82 | 24.00 | 
281 | Circulation Research | journal | 4.903 Q1 | 385 | 253 | 889 | 16180 | 10967 | 759 | 10.73 | 63.95 | 39.66 | 
282 | IEEE Signal Processing Magazine | journal | 4.896 Q1 | 211 | 86 | 251 | 2535 | 3339 | 218 | 7.76 | 29.48 | 21.63 | 
283 | Annual Review of Marine Science | journal | 4.891 Q1 | 127 | 23 | 67 | 3008 | 989 | 64 | 13.43 | 130.78 | 41.24 | 
284 | Nature Food | journal | 4.891 Q1 | 57 | 223 | 615 | 5851 | 6699 | 317 | 10.33 | 26.24 | 47.92 | 
285 | Trends in Neurosciences | journal | 4.891 Q1 | 318 | 103 | 301 | 9591 | 3589 | 294 | 10.81 | 93.12 | 42.21 | 
286 | Nature Communications | journal | 4.887 Q1 | 522 | 8240 | 20805 | 509160 | 312714 | 20403 | 13.79 | 61.79 | 37.09 | 
287 | Cell Systems | journal | 4.872 Q1 | 87 | 94 | 312 | 6114 | 2253 | 267 | 6.84 | 65.04 | 33.33 | 
288 | IEEE Transactions on Smart Grid | journal | 4.863 Q1 | 230 | 476 | 1342 | 15250 | 16073 | 1340 | 10.44 | 32.04 | 24.53 | 
289 | Annual Review of Financial Economics | journal | 4.854 Q1 | 44 | 32 | 59 | 2391 | 319 | 57 | 5.39 | 74.72 | 19.40 | 
290 | Cellular and Molecular Immunology | journal | 4.838 Q1 | 124 | 148 | 670 | 8892 | 8300 | 447 | 11.71 | 60.08 | 42.51 | 
291 | Journal of Clinical Investigation | journal | 4.833 Q1 | 544 | 533 | 1765 | 27872 | 19303 | 1711 | 9.95 | 52.29 | 40.77 | 
292 | Studies in Mycology | journal | 4.821 Q1 | 118 | 11 | 28 | 2436 | 540 | 27 | 15.23 | 221.45 | 38.00 | 
293 | Nature reviews. Rheumatology | journal | 4.818 Q1 | 182 | 174 | 527 | 8003 | 4909 | 290 | 8.63 | 45.99 | 39.80 | 
294 | Acta Mathematica | journal | 4.814 Q1 | 76 | 9 | 29 | 526 | 118 | 29 | 5.00 | 58.44 | 18.18 | 
295 | Journal of Business Venturing | journal | 4.813 Q1 | 224 | 35 | 181 | 4060 | 2133 | 181 | 9.69 | 116.00 | 33.33 | 
296 | Personality and Social Psychology Review | journal | 4.795 Q1 | 185 | 22 | 40 | 4086 | 492 | 39 | 8.68 | 185.73 | 38.27 | 
297 | Cement and Concrete Research | journal | 4.781 Q1 | 288 | 231 | 806 | 16404 | 10372 | 793 | 11.68 | 71.01 | 26.75 | 
298 | Nature Synthesis | journal | 4.759 Q1 | 25 | 221 | 179 | 6882 | 1465 | 136 | 8.18 | 31.14 | 27.05 | 
299 | Trends in Cognitive Sciences | journal | 4.758 Q1 | 358 | 135 | 382 | 9746 | 4612 | 327 | 10.40 | 72.19 | 39.41 | 
300 | Periodontology 2000 | journal | 4.744 Q1 | 151 | 84 | 149 | 11617 | 3214 | 146 | 18.31 | 138.30 | 29.29 |

Title | Type | SJR | H index | Total Docs. (2023) | Total Docs. (3years) | Total Refs. (2023) | Total Cites (3years) | Citable Docs. (3years) | Cites / Doc. (2years) | Ref. / Doc. (2023) | %Female (2023) | 
301 | Acta Neuropathologica | journal | 4.720 Q1 | 215 | 123 | 409 | 5679 | 3917 | 329 | 8.39 | 46.17 | 40.69 | 
302 | Quantitative Economics | journal | 4.720 Q1 | 36 | 39 | 128 | 2062 | 266 | 127 | 1.92 | 52.87 | 15.84 | 
303 | Educational Psychologist | journal | 4.709 Q1 | 154 | 20 | 69 | 2081 | 922 | 61 | 15.27 | 104.05 | 61.54 | 
304 | Annual Review of Physical Chemistry | journal | 4.696 Q1 | 186 | 23 | 69 | 2967 | 1106 | 69 | 13.60 | 129.00 | 28.26 | 
305 | IEEE/CAA Journal of Automatica Sinica | journal | 4.696 Q1 | 83 | 240 | 510 | 10198 | 6783 | 458 | 14.59 | 42.49 | 29.34 | 
306 | British Journal of Sports Medicine | journal | 4.691 Q1 | 224 | 268 | 920 | 9934 | 8227 | 562 | 6.59 | 37.07 | 36.82 | 
307 | Brain | journal | 4.689 Q1 | 380 | 500 | 1229 | 28618 | 10713 | 887 | 8.29 | 57.24 | 46.00 | 
308 | Nano Energy | journal | 4.685 Q1 | 255 | 900 | 3328 | 57655 | 57410 | 3328 | 17.24 | 64.06 | 31.16 | 
309 | Progress in Particle and Nuclear Physics | journal | 4.672 Q1 | 129 | 31 | 104 | 10624 | 1310 | 103 | 14.43 | 342.71 | 17.83 | 
310 | Drug Resistance Updates | journal | 4.665 Q1 | 132 | 74 | 76 | 6493 | 1477 | 75 | 17.53 | 87.74 | 34.58 | 
311 | Ophthalmology | journal | 4.642 Q1 | 285 | 324 | 1062 | 5007 | 6429 | 581 | 6.35 | 15.45 | 38.83 | 
312 | Accounting Review | journal | 4.640 Q1 | 192 | 165 | 270 | 10817 | 1573 | 268 | 4.67 | 65.56 | 35.06 | 
313 | Blood cancer discovery | journal | 4.640 Q1 | 25 | 42 | 128 | 1802 | 959 | 125 | 8.13 | 42.90 | 35.32 | 
314 | JACC: Cardiovascular Imaging | journal | 4.636 Q1 | 155 | 274 | 1171 | 4991 | 5843 | 462 | 4.84 | 18.22 | 29.03 | 
315 | Annual Review of Control, Robotics, and Autonomous Systems | journal | 4.633 Q1 | 36 | 18 | 70 | 2223 | 1203 | 70 | 13.64 | 123.50 | 21.88 | 
316 | American Journal of Political Science | journal | 4.629 Q1 | 204 | 128 | 204 | 7247 | 1324 | 204 | 6.29 | 56.62 | 25.75 | 
317 | Clinical Cancer Research | journal | 4.623 Q1 | 377 | 541 | 2035 | 19863 | 19126 | 1944 | 9.00 | 36.72 | 43.31 | 
318 | GigaScience | journal | 4.621 Q1 | 88 | 109 | 395 | 7159 | 3822 | 395 | 11.10 | 65.68 | 32.99 | 
319 | Political Analysis | journal | 4.612 Q1 | 83 | 64 | 103 | 2113 | 722 | 103 | 6.06 | 33.02 | 20.89 | 
320 | Computational Visual Media | journal | 4.608 Q1 | 27 | 63 | 110 | 3855 | 1648 | 106 | 19.84 | 61.19 | 32.10 | 
321 | Journal of International Business Studies | journal | 4.600 Q1 | 229 | 92 | 260 | 7073 | 3083 | 217 | 10.02 | 76.88 | 32.62 | 
322 | ACS Nano | journal | 4.593 Q1 | 478 | 2057 | 5134 | 133225 | 83625 | 5091 | 15.41 | 64.77 | 33.30 | 
323 | Carbon Research | journal | 4.585 Q1 | 17 | 48 | 30 | 4068 | 611 | 29 | 20.37 | 84.75 | 34.55 | 
324 | Journal of International Economics | journal | 4.583 Q1 | 159 | 98 | 279 | 5155 | 1276 | 275 | 4.11 | 52.60 | 22.59 | 
325 | Journal of Management Studies | journal | 4.578 Q1 | 221 | 147 | 261 | 16011 | 3255 | 214 | 11.32 | 108.92 | 37.01 | 
326 | Academy of Management Perspectives | journal | 4.569 Q1 | 156 | 24 | 105 | 2135 | 1147 | 102 | 8.85 | 88.96 | 41.67 | 
327 | Journal of Human Resources | journal | 4.524 Q1 | 123 | 56 | 147 | 3265 | 597 | 147 | 4.24 | 58.30 | 39.42 | 
328 | American Journal of Human Genetics | journal | 4.516 Q1 | 330 | 168 | 531 | 8773 | 4022 | 500 | 6.82 | 52.22 | 50.01 | 
329 | Trends in Cancer | journal | 4.513 Q1 | 90 | 111 | 338 | 7747 | 3828 | 324 | 9.71 | 69.79 | 40.00 | 
330 | Economic Journal | journal | 4.507 Q1 | 185 | 32 | 319 | 1859 | 1358 | 319 | 4.52 | 58.09 | 31.82 | 
331 | IEEE Transactions on Automatic Control | journal | 4.501 Q1 | 329 | 1007 | 1752 | 27160 | 12219 | 1751 | 6.50 | 26.97 | 20.35 | 
332 | Ecology Letters | journal | 4.497 Q1 | 313 | 183 | 638 | 14175 | 5567 | 300 | 7.63 | 77.46 | 32.73 | 
333 | Foundations and Trends in Information Retrieval | journal | 4.496 Q1 | 36 | 3 | 9 | 883 | 244 | 9 | 14.20 | 294.33 | 30.00 | 
334 | Science advances | journal | 4.483 Q1 | 252 | 2120 | 6342 | 138962 | 80234 | 6311 | 11.18 | 65.55 | 35.25 | 
335 | IEEE Transactions on Industrial Informatics | journal | 4.420 Q1 | 193 | 1035 | 2489 | 30287 | 32448 | 2432 | 12.46 | 29.26 | 26.92 | 
336 | Protein Science | journal | 4.419 Q1 | 196 | 287 | 678 | 17157 | 5311 | 665 | 8.46 | 59.78 | 35.78 | 
337 | Lancet HIV,The | journal | 4.416 Q1 | 81 | 174 | 518 | 3310 | 2716 | 258 | 4.90 | 19.02 | 49.45 | 
338 | Protein and Cell | journal | 4.412 Q1 | 94 | 83 | 257 | 551 | 2693 | 152 | 12.12 | 6.64 | 42.80 | 
339 | Accounts of Materials Research | journal | 4.403 Q1 | 39 | 111 | 253 | 5845 | 3179 | 224 | 12.57 | 52.66 | 35.99 | 
340 | Genome Research | journal | 4.403 Q1 | 328 | 160 | 510 | 10782 | 3412 | 508 | 6.13 | 67.39 | 38.23 | 
341 | Health Affairs | journal | 4.387 Q1 | 212 | 231 | 875 | 5601 | 5245 | 666 | 5.83 | 24.25 | 51.01 | 
342 | Qualitative Research in Psychology | journal | 4.387 Q1 | 52 | 33 | 115 | 1852 | 1779 | 112 | 21.22 | 56.12 | 64.91 | 
343 | Leadership Quarterly | journal | 4.375 Q1 | 189 | 51 | 149 | 6494 | 1607 | 141 | 10.51 | 127.33 | 35.29 | 
344 | IEEE Transactions on Sustainable Energy | journal | 4.364 Q1 | 164 | 242 | 683 | 7033 | 7650 | 682 | 10.49 | 29.06 | 24.75 | 
345 | JAMA Internal Medicine | journal | 4.363 Q1 | 390 | 389 | 1371 | 5561 | 7459 | 447 | 4.70 | 14.30 | 41.86 | 
346 | Annual Review of Genomics and Human Genetics | journal | 4.361 Q1 | 129 | 17 | 70 | 2233 | 632 | 70 | 7.96 | 131.35 | 55.77 | 
347 | Biological Reviews | journal | 4.347 Q1 | 199 | 116 | 322 | 24582 | 4338 | 322 | 12.47 | 211.91 | 37.74 | 
348 | Quarterly Journal of the Royal Meteorological Society | journal | 4.347 Q1 | 166 | 202 | 668 | 11411 | 6093 | 664 | 3.10 | 56.49 | 26.78 | 
349 | International Journal of Robotics Research | journal | 4.346 Q1 | 190 | 92 | 216 | 5524 | 2531 | 208 | 9.24 | 60.04 | 17.11 | 
350 | SmartMat | journal | 4.332 Q1 | 33 | 63 | 96 | 5505 | 1532 | 90 | 15.65 | 87.38 | 35.19 |

Title | Type | SJR | H index | Total Docs. (2023) | Total Docs. (3years) | Total Refs. (2023) | Total Cites (3years) | Citable Docs. (3years) | Cites / Doc. (2years) | Ref. / Doc. (2023) | %Female (2023) | 
351 | Journal of the Royal Statistical Society. Series B: Statistical Methodology | journal | 4.330 Q1 | 151 | 87 | 195 | 2544 | 1078 | 169 | 2.56 | 29.24 | 23.29 | 
352 | Lancet Healthy Longevity, The | journal | 4.324 Q1 | 30 | 144 | 334 | 2888 | 1904 | 141 | 5.48 | 20.06 | 44.01 | 
353 | American Journal of Psychiatry | journal | 4.321 Q1 | 395 | 136 | 521 | 1850 | 4161 | 338 | 7.27 | 13.60 | 41.98 | 
354 | Educational Psychology Review | journal | 4.321 Q1 | 142 | 118 | 208 | 11698 | 2845 | 197 | 12.23 | 99.14 | 53.76 | 
355 | Inventiones Mathematicae | journal | 4.321 Q1 | 124 | 74 | 219 | 3865 | 659 | 219 | 2.89 | 52.23 | 12.66 | 
356 | Journal of the American Academy of Child and Adolescent Psychiatry | journal | 4.320 Q1 | 273 | 195 | 623 | 6218 | 3386 | 265 | 4.22 | 31.89 | 56.65 | 
357 | Journal of Urban Economics | journal | 4.314 Q1 | 132 | 69 | 163 | 3330 | 1135 | 159 | 5.84 | 48.26 | 21.15 | 
358 | Remote Sensing of Environment | journal | 4.310 Q1 | 350 | 431 | 1433 | 32671 | 19566 | 1423 | 11.99 | 75.80 | 31.14 | 
359 | IEEE Transactions on Communications | journal | 4.307 Q1 | 235 | 600 | 1730 | 20924 | 14392 | 1729 | 7.70 | 34.87 | 27.01 | 
360 | PhotoniX | journal | 4.303 Q1 | 30 | 36 | 73 | 2471 | 1161 | 73 | 14.06 | 68.64 | 28.99 | 
361 | American Sociological Review | journal | 4.295 Q1 | 230 | 38 | 122 | 4361 | 1094 | 116 | 7.21 | 114.76 | 32.53 | 
362 | Global Change Biology | journal | 4.285 Q1 | 313 | 514 | 1545 | 45721 | 18475 | 1432 | 10.85 | 88.95 | 35.75 | 
363 | Cell Reports | journal | 4.279 Q1 | 224 | 1567 | 4162 | 108663 | 33071 | 4149 | 7.37 | 69.34 | 41.48 | 
364 | Cell Reports Medicine | journal | 4.276 Q1 | 50 | 369 | 589 | 20695 | 5212 | 494 | 8.40 | 56.08 | 43.37 | 
365 | npj Digital Medicine | journal | 4.273 Q1 | 84 | 232 | 508 | 11375 | 8001 | 434 | 12.51 | 49.03 | 37.71 | 
366 | Journal of Extracellular Vesicles | journal | 4.268 Q1 | 112 | 90 | 339 | 6069 | 5236 | 323 | 14.91 | 67.43 | 47.22 | 
367 | Psychological Methods | journal | 4.235 Q1 | 183 | 73 | 252 | 5744 | 2167 | 251 | 7.93 | 78.68 | 30.92 | 
368 | Earth System Science Data | journal | 4.231 Q1 | 99 | 262 | 748 | 19747 | 9176 | 316 | 11.20 | 75.37 | 27.13 | 
369 | Lancet Child and Adolescent Health, The | journal | 4.229 Q1 | 69 | 185 | 605 | 3903 | 4592 | 263 | 6.05 | 21.10 | 60.96 | 
370 | IEEE Transactions on Fuzzy Systems | journal | 4.204 Q1 | 218 | 426 | 1070 | 16592 | 11768 | 1062 | 10.99 | 38.95 | 29.27 | 
371 | Cell Discovery | journal | 4.198 Q1 | 59 | 118 | 342 | 5322 | 3424 | 228 | 7.95 | 45.10 | 41.54 | 
372 | PLoS Medicine | journal | 4.198 Q1 | 275 | 168 | 883 | 8110 | 9109 | 869 | 9.19 | 48.27 | 47.25 | 
373 | Communications on Pure and Applied Mathematics | journal | 4.188 Q1 | 120 | 82 | 155 | 3842 | 620 | 155 | 3.89 | 46.85 | 18.95 | 
374 | Information Systems Research | journal | 4.176 Q1 | 185 | 89 | 218 | 6841 | 1687 | 216 | 6.45 | 76.87 | 26.42 | 
375 | IEEE Transactions on Neural Networks and Learning Systems | journal | 4.170 Q1 | 251 | 1818 | 1894 | 46076 | 23364 | 1884 | 11.83 | 25.34 | 28.16 | 
376 | Trends in Immunology | journal | 4.163 Q1 | 256 | 114 | 334 | 7362 | 3400 | 318 | 8.57 | 64.58 | 41.61 | 
377 | Coordination Chemistry Reviews | journal | 4.145 Q1 | 312 | 424 | 1175 | 90368 | 24586 | 1162 | 20.63 | 213.13 | 35.84 | 
378 | Medical Image Analysis | journal | 4.112 Q1 | 171 | 273 | 813 | 19887 | 11160 | 809 | 12.77 | 72.85 | 27.89 | 
379 | MIS Quarterly: Management Information Systems | journal | 4.105 Q1 | 271 | 60 | 207 | 4991 | 2019 | 205 | 7.27 | 83.18 | 28.14 | 
380 | Cell Death and Differentiation | journal | 4.102 Q1 | 257 | 189 | 663 | 13764 | 7849 | 623 | 12.61 | 72.83 | 40.35 | 
381 | Journal of the National Comprehensive Cancer Network : JNCCN | journal | 4.102 Q1 | 150 | 200 | 611 | 7359 | 6158 | 523 | 10.66 | 36.80 | 49.36 | 
382 | European Heart Journal | journal | 4.091 Q1 | 348 | 868 | 2786 | 21303 | 17999 | 1692 | 6.58 | 24.54 | 29.58 | 
383 | Annual Review of Microbiology | journal | 4.082 Q1 | 213 | 33 | 110 | 4145 | 1137 | 107 | 8.50 | 125.61 | 47.50 | 
384 | Human Reproduction Update | journal | 4.074 Q1 | 214 | 39 | 151 | 5581 | 2138 | 133 | 13.58 | 143.10 | 62.81 | 
385 | Trends in Biochemical Sciences | journal | 4.074 Q1 | 301 | 120 | 328 | 7244 | 2792 | 318 | 8.38 | 60.37 | 34.32 | 
386 | Molecular Biology and Evolution | journal | 4.061 Q1 | 245 | 280 | 1048 | 22808 | 10469 | 1025 | 10.73 | 81.46 | 38.15 | 
387 | Communication Methods and Measures | journal | 4.060 Q1 | 43 | 28 | 49 | 2013 | 819 | 49 | 8.72 | 71.89 | 49.47 | 
388 | Autophagy | journal | 4.035 Q1 | 189 | 341 | 828 | 14774 | 8931 | 695 | 10.86 | 43.33 | 44.70 | 
389 | Annual Review of Virology | journal | 4.023 Q1 | 67 | 26 | 85 | 3273 | 870 | 79 | 7.95 | 125.88 | 40.00 | 
390 | Transactions of the Association for Computational Linguistics | journal | 4.006 Q1 | 56 | 97 | 232 | 5911 | 5002 | 232 | 15.63 | 60.94 | 29.27 | 
391 | Aggregate | journal | 3.994 Q1 | 33 | 156 | 153 | 12086 | 2370 | 143 | 14.28 | 77.47 | 37.29 | 
392 | IEEE Transactions on Systems, Man, and Cybernetics: Systems | journal | 3.992 Q1 | 171 | 682 | 1809 | 30712 | 17917 | 1803 | 10.19 | 45.03 | 27.64 | 
393 | Journal of Financial and Quantitative Analysis | journal | 3.980 Q1 | 147 | 221 | 274 | 12411 | 1404 | 274 | 4.79 | 56.16 | 20.86 | 
394 | Blood Cancer Journal | journal | 3.974 Q1 | 76 | 186 | 488 | 5144 | 3636 | 298 | 7.48 | 27.66 | 40.68 | 
395 | EMBO Molecular Medicine | journal | 3.964 Q1 | 142 | 165 | 440 | 9076 | 3842 | 381 | 8.20 | 55.01 | 45.15 | 
396 | Annual Review of Pharmacology and Toxicology | journal | 3.957 Q1 | 224 | 32 | 103 | 4593 | 1346 | 103 | 11.26 | 143.53 | 35.63 | 
397 | Educational Researcher | journal | 3.956 Q1 | 151 | 67 | 205 | 3036 | 2030 | 198 | 6.76 | 45.31 | 48.23 | 
398 | eLife | journal | 3.932 Q1 | 206 | 1655 | 6193 | 114687 | 41633 | 6031 | 6.16 | 69.30 | 39.97 | 
399 | Lancet Haematology,The | journal | 3.923 Q1 | 93 | 195 | 598 | 3178 | 3333 | 291 | 4.89 | 16.30 | 38.80 | 
400 | Journal of the American Statistical Association | journal | 3.922 Q1 | 215 | 296 | 566 | 13000 | 2339 | 516 | 3.58 | 43.92 | 29.85 |

Title | Type | SJR | H index | Total Docs. (2023) | Total Docs. (3years) | Total Refs. (2023) | Total Cites (3years) | Citable Docs. (3years) | Cites / Doc. (2years) | Ref. / Doc. (2023) | %Female (2023) | 
401 | Journal of Retailing | journal | 3.915 Q1 | 159 | 47 | 140 | 3310 | 1519 | 123 | 8.94 | 70.43 | 36.64 | 
402 | Advanced Science | journal | 3.914 Q1 | 187 | 1975 | 3160 | 140487 | 48286 | 3151 | 14.60 | 71.13 | 35.98 | 
403 | Strategic Organization | journal | 3.914 Q1 | 73 | 58 | 116 | 4766 | 837 | 109 | 7.32 | 82.17 | 27.78 | 
404 | JAMA Surgery | journal | 3.905 Q1 | 206 | 421 | 1193 | 6018 | 5683 | 430 | 4.67 | 14.29 | 37.09 | 
405 | IEEE Network | journal | 3.896 Q1 | 151 | 282 | 683 | 2268 | 6608 | 655 | 7.61 | 8.04 | 29.01 | 
406 | Molecular Psychiatry | journal | 3.895 Q1 | 250 | 552 | 1431 | 45931 | 14069 | 1303 | 9.21 | 83.21 | 44.14 | 
407 | Kidney International | journal | 3.886 Q1 | 318 | 361 | 1357 | 9270 | 8714 | 672 | 6.20 | 25.68 | 42.71 | 
408 | Educational Research Review | journal | 3.874 Q1 | 100 | 48 | 130 | 5704 | 2101 | 129 | 12.20 | 118.83 | 57.87 | 
409 | Contemporary Educational Psychology | journal | 3.863 Q1 | 130 | 84 | 216 | 7477 | 2702 | 214 | 4.93 | 89.01 | 55.99 | 
410 | RAND Journal of Economics | journal | 3.860 Q1 | 127 | 23 | 107 | 1043 | 300 | 107 | 2.52 | 45.35 | 13.64 | 
411 | ACS Catalysis | journal | 3.847 Q1 | 293 | 1435 | 4181 | 97992 | 53252 | 4142 | 11.70 | 68.29 | 32.14 | 
412 | American Economic Journal: Microeconomics | journal | 3.835 Q1 | 54 | 60 | 166 | 2755 | 356 | 166 | 2.09 | 45.92 | 14.52 | 
413 | IEEE Transactions on Power Systems | journal | 3.827 Q1 | 307 | 593 | 1489 | 17540 | 13199 | 1476 | 7.89 | 29.58 | 23.96 | 
414 | European Journal of Information Systems | journal | 3.824 Q1 | 128 | 89 | 121 | 8012 | 1961 | 109 | 12.39 | 90.02 | 25.98 | 
415 | PLoS Biology | journal | 3.822 Q1 | 305 | 471 | 1083 | 28978 | 8954 | 1064 | 6.34 | 61.52 | 40.54 | 
416 | IEEE Journal on Selected Topics in Signal Processing | journal | 3.818 Q1 | 141 | 94 | 332 | 4946 | 3733 | 322 | 11.48 | 52.62 | 26.38 | 
417 | European Respiratory Journal | journal | 3.810 Q1 | 282 | 371 | 1759 | 12796 | 12994 | 981 | 7.12 | 34.49 | 43.50 | 
418 | Academy of Management Discoveries | journal | 3.803 Q1 | 26 | 29 | 118 | 2307 | 631 | 88 | 4.44 | 79.55 | 47.37 | 
419 | Microbiome | journal | 3.802 Q1 | 143 | 266 | 622 | 19900 | 8873 | 607 | 13.17 | 74.81 | 44.00 | 
420 | Advances in Applied Energy | journal | 3.788 Q1 | 33 | 42 | 103 | 4290 | 1541 | 97 | 14.96 | 102.14 | 26.74 | 
421 | Sociological Methods and Research | journal | 3.788 Q1 | 94 | 80 | 192 | 4880 | 1624 | 189 | 8.24 | 61.00 | 30.11 | 
422 | Biological Psychiatry | journal | 3.786 Q1 | 356 | 314 | 846 | 16137 | 5371 | 526 | 6.10 | 51.39 | 43.26 | 
423 | Cancer Immunology Research | journal | 3.781 Q1 | 134 | 138 | 425 | 5941 | 3342 | 406 | 6.37 | 43.05 | 41.46 | 
424 | Duke Mathematical Journal | journal | 3.774 Q1 | 95 | 112 | 209 | 3619 | 559 | 209 | 2.45 | 32.31 | 21.22 | 
425 | Personnel Psychology | journal | 3.763 Q1 | 167 | 55 | 93 | 7139 | 695 | 92 | 6.39 | 129.80 | 39.13 | 
426 | ISPRS Journal of Photogrammetry and Remote Sensing | journal | 3.760 Q1 | 187 | 289 | 777 | 21339 | 10766 | 772 | 11.83 | 73.84 | 28.50 | 
427 | Journal of Development Economics | journal | 3.737 Q1 | 171 | 150 | 371 | 8487 | 2337 | 371 | 5.69 | 56.58 | 37.27 | 
428 | Proceedings of the National Academy of Sciences of the United States of America | journal | 3.737 Q1 | 869 | 3661 | 12117 | 194987 | 110408 | 11055 | 8.18 | 53.26 | 35.74 | 
429 | Molecular Therapy | journal | 3.736 Q1 | 209 | 288 | 830 | 15752 | 7824 | 717 | 9.43 | 54.69 | 42.79 | 
430 | Journal for ImmunoTherapy of Cancer | journal | 3.728 Q1 | 117 | 445 | 1590 | 19408 | 14743 | 1571 | 8.71 | 43.61 | 42.99 | 
431 | ACS Central Science | journal | 3.722 Q1 | 136 | 251 | 733 | 12200 | 8913 | 699 | 9.57 | 48.61 | 35.12 | 
432 | Journal of Cell Biology | journal | 3.717 Q1 | 414 | 265 | 833 | 15215 | 5160 | 794 | 5.99 | 57.42 | 42.38 | 
433 | Lancet Rheumatology, The | journal | 3.717 Q1 | 54 | 149 | 591 | 2803 | 2764 | 203 | 4.71 | 18.81 | 39.82 | 
434 | Current Climate Change Reports | journal | 3.713 Q1 | 53 | 4 | 31 | 477 | 288 | 30 | 8.89 | 119.25 | 38.89 | 
435 | Nature Cardiovascular Research | journal | 3.710 Q1 | 15 | 194 | 182 | 5652 | 691 | 75 | 3.80 | 29.13 | 39.76 | 
436 | Arthritis and Rheumatology | journal | 3.708 Q1 | 353 | 330 | 975 | 9945 | 6341 | 627 | 6.84 | 30.14 | 47.30 | 
437 | Archive for Rational Mechanics and Analysis | journal | 3.703 Q1 | 111 | 108 | 394 | 4304 | 1201 | 393 | 2.70 | 39.85 | 19.84 | 
438 | IEEE Transactions on Medical Imaging | journal | 3.703 Q1 | 259 | 362 | 1038 | 16564 | 12917 | 1037 | 9.83 | 45.76 | 28.12 | 
439 | Journal of Allergy and Clinical Immunology | journal | 3.701 Q1 | 338 | 386 | 1379 | 19313 | 11357 | 979 | 7.86 | 50.03 | 48.22 | 
440 | ISME Journal | journal | 3.692 Q1 | 230 | 226 | 783 | 16228 | 9197 | 777 | 11.23 | 71.81 | 38.97 | 
441 | Radiology | journal | 3.692 Q1 | 336 | 730 | 1624 | 15092 | 13657 | 954 | 6.14 | 20.67 | 34.46 | 
442 | Trends in Genetics | journal | 3.690 Q1 | 245 | 104 | 383 | 7419 | 2890 | 373 | 7.75 | 71.34 | 35.91 | 
443 | Computer Science Review | journal | 3.679 Q1 | 75 | 53 | 166 | 8913 | 3334 | 164 | 19.83 | 168.17 | 28.65 | 
444 | Eco-Environment and Health | journal | 3.678 Q1 | 10 | 36 | 27 | 2619 | 408 | 24 | 15.11 | 72.75 | 42.07 | 
445 | Experimental and Molecular Medicine | journal | 3.671 Q1 | 115 | 217 | 535 | 16561 | 6549 | 524 | 9.18 | 76.32 | 39.80 | 
446 | IEEE Transactions on Robotics | journal | 3.669 Q1 | 190 | 287 | 503 | 14364 | 5784 | 503 | 11.72 | 50.05 | 19.71 | 
447 | Cancer Treatment Reviews | journal | 3.667 Q1 | 164 | 87 | 305 | 7857 | 3415 | 301 | 9.74 | 90.31 | 40.97 | 
448 | Business Strategy and the Environment | journal | 3.666 Q1 | 147 | 398 | 720 | 37890 | 13489 | 713 | 17.88 | 95.20 | 36.54 | 
449 | Leukemia | journal | 3.662 Q1 | 219 | 333 | 1125 | 11784 | 8477 | 975 | 7.59 | 35.39 | 43.05 | 
450 | Earth-Science Reviews | journal | 3.654 Q1 | 249 | 267 | 948 | 51596 | 11564 | 917 | 10.85 | 193.24 | 27.31 |

Title | Type | SJR | H index | Total Docs. (2023) | Total Docs. (3years) | Total Refs. (2023) | Total Cites (3years) | Citable Docs. (3years) | Cites / Doc. (2years) | Ref. / Doc. (2023) | %Female (2023) | 
451 | Computers and Education | journal | 3.651 Q1 | 232 | 163 | 597 | 13475 | 9892 | 596 | 12.14 | 82.67 | 47.96 | 
452 | Cement and Concrete Composites | journal | 3.650 Q1 | 212 | 398 | 1124 | 27325 | 13892 | 1124 | 11.88 | 68.66 | 29.51 | 
453 | Structural Equation Modeling | journal | 3.647 Q1 | 125 | 99 | 217 | 4796 | 1400 | 217 | 5.33 | 48.44 | 34.13 | 
454 | IEEE Transactions on Power Electronics | journal | 3.644 Q1 | 321 | 1383 | 3664 | 44124 | 31632 | 3657 | 8.17 | 31.90 | 23.22 | 
455 | Progress in Lipid Research | journal | 3.638 Q1 | 168 | 31 | 91 | 7594 | 1397 | 91 | 14.82 | 244.97 | 31.03 | 
456 | Strategic Entrepreneurship Journal | journal | 3.628 Q1 | 69 | 47 | 94 | 4956 | 859 | 86 | 6.38 | 105.45 | 29.20 | 
457 | Advanced Composites and Hybrid Materials | journal | 3.623 Q1 | 70 | 226 | 429 | 14940 | 9213 | 429 | 23.17 | 66.11 | 35.38 | 
458 | Health systems in transition | journal | 3.619 Q1 | 43 | 5 | 12 | 0 | 170 | 12 | 5.83 | 0.00 | 80.00 | 
459 | Plant Cell | journal | 3.616 Q1 | 397 | 305 | 950 | 18558 | 7236 | 767 | 7.19 | 60.85 | 38.33 | 
460 | Applied Physics Reviews | journal | 3.610 Q1 | 105 | 139 | 367 | 19919 | 5019 | 361 | 11.62 | 143.30 | 24.72 | 
461 | Journal of Personality and Social Psychology | journal | 3.610 Q1 | 434 | 93 | 438 | 8471 | 3295 | 436 | 5.79 | 91.09 | 47.95 | 
462 | Annals of Neurology | journal | 3.600 Q1 | 331 | 254 | 759 | 8990 | 5080 | 548 | 6.35 | 35.39 | 40.75 | 
463 | Harvard Kennedy School Misinformation Review | journal | 3.600 Q1 | 29 | 20 | 106 | 728 | 1040 | 92 | 4.94 | 36.40 | 45.90 | 
464 | Liver Cancer | journal | 3.599 Q1 | 56 | 62 | 169 | 2562 | 1854 | 139 | 11.14 | 41.32 | 26.84 | 
465 | Geometric and Functional Analysis | journal | 3.597 Q1 | 77 | 32 | 99 | 1409 | 270 | 99 | 2.51 | 44.03 | 12.31 | 
466 | Human Relations | journal | 3.597 Q1 | 162 | 112 | 228 | 9975 | 2031 | 221 | 8.20 | 89.06 | 48.87 | 
467 | Renewable and Sustainable Energy Reviews | journal | 3.596 Q1 | 421 | 737 | 2896 | 85801 | 54654 | 2882 | 18.47 | 116.42 | 28.59 | 
468 | Water Research | journal | 3.596 Q1 | 376 | 1287 | 3577 | 79587 | 47268 | 3559 | 12.46 | 61.84 | 38.46 | 
469 | Review of Economic Dynamics | journal | 3.582 Q1 | 73 | 102 | 178 | 4885 | 485 | 176 | 2.59 | 47.89 | 17.21 | 
470 | Energy Material Advances | journal | 3.563 Q1 | 20 | 42 | 61 | 3281 | 770 | 59 | 12.75 | 78.12 | 33.20 | 
471 | Sleep Medicine Reviews | journal | 3.561 Q1 | 181 | 103 | 337 | 7020 | 3631 | 267 | 10.66 | 68.16 | 48.40 | 
472 | Current Opinion in Cell Biology | journal | 3.559 Q1 | 278 | 87 | 296 | 5702 | 1978 | 282 | 5.99 | 65.54 | 49.51 | 
473 | IEEE Transactions on Image Processing | journal | 3.556 Q1 | 329 | 490 | 1983 | 29712 | 23452 | 1983 | 10.66 | 60.64 | 26.73 | 
474 | Energy Economics | journal | 3.555 Q1 | 210 | 649 | 1481 | 42483 | 21836 | 1474 | 14.67 | 65.46 | 30.53 | 
475 | Immunological Reviews | journal | 3.554 Q1 | 254 | 139 | 269 | 21462 | 2484 | 248 | 7.75 | 154.40 | 44.03 | 
476 | Optica | journal | 3.549 Q1 | 143 | 218 | 681 | 11181 | 6522 | 679 | 8.77 | 51.29 | 20.26 | 
477 | Journal of Consumer Psychology | journal | 3.531 Q1 | 139 | 80 | 164 | 5489 | 925 | 157 | 5.60 | 68.61 | 40.18 | 
478 | eClinicalMedicine | journal | 3.522 Q1 | 80 | 589 | 1447 | 25508 | 12571 | 1103 | 8.54 | 43.31 | 43.64 | 
479 | Research Synthesis Methods | journal | 3.520 Q1 | 68 | 72 | 199 | 2880 | 2148 | 182 | 10.46 | 40.00 | 44.83 | 
480 | Environmental Science & Technology | journal | 3.516 Q1 | 480 | 2060 | 5078 | 129054 | 59046 | 4905 | 10.65 | 62.65 | 39.36 | 
481 | Health Psychology Review | journal | 3.509 Q1 | 72 | 44 | 78 | 4587 | 904 | 70 | 13.30 | 104.25 | 61.71 | 
482 | Circulation: Heart Failure | journal | 3.505 Q1 | 136 | 139 | 520 | 3548 | 2769 | 390 | 4.35 | 25.53 | 33.11 | 
483 | Automatica | journal | 3.502 Q1 | 318 | 540 | 1699 | 17882 | 10654 | 1679 | 5.44 | 33.11 | 21.39 | 
484 | Energy and Environmental Materials | journal | 3.493 Q1 | 51 | 328 | 244 | 22718 | 3418 | 234 | 12.60 | 69.26 | 31.99 | 
485 | Sports Medicine | journal | 3.492 Q1 | 229 | 183 | 508 | 15849 | 4622 | 416 | 8.36 | 86.61 | 30.25 | 
486 | Comparative Political Studies | journal | 3.491 Q1 | 129 | 108 | 228 | 8464 | 1500 | 228 | 5.53 | 78.37 | 31.13 | 
487 | Journal of World Business | journal | 3.490 Q1 | 142 | 52 | 190 | 6142 | 2101 | 186 | 11.07 | 118.12 | 37.50 | 
488 | Nano Today | journal | 3.483 Q1 | 175 | 275 | 635 | 24164 | 9420 | 605 | 13.75 | 87.87 | 39.78 | 
489 | International Journal of Machine Tools and Manufacture | journal | 3.479 Q1 | 192 | 44 | 186 | 4083 | 2681 | 182 | 14.93 | 92.80 | 23.18 | 
490 | JAMA network open | journal | 3.478 Q1 | 128 | 2210 | 5808 | 57421 | 43126 | 4749 | 6.69 | 25.98 | 47.57 | 
491 | Wiley Interdisciplinary Reviews: Computational Molecular Science | journal | 3.473 Q1 | 105 | 48 | 162 | 8571 | 2884 | 160 | 19.44 | 178.56 | 29.81 | 
492 | Theoretical Economics | journal | 3.470 Q1 | 37 | 50 | 150 | 1750 | 240 | 150 | 1.22 | 35.00 | 7.53 | 
493 | Cancer Research | journal | 3.468 Q1 | 498 | 331 | 1449 | 13630 | 12019 | 1431 | 8.08 | 41.18 | 42.61 | 
494 | Bioactive Materials | journal | 3.466 Q1 | 90 | 432 | 867 | 38448 | 16381 | 863 | 18.50 | 89.00 | 38.34 | 
495 | Journal of Advanced Ceramics | journal | 3.457 Q1 | 64 | 164 | 320 | 10333 | 5321 | 320 | 17.90 | 63.01 | 34.47 | 
496 | Chem Catalysis | journal | 3.455 Q1 | 29 | 273 | 438 | 12894 | 2864 | 254 | 6.54 | 47.23 | 31.14 | 
497 | Soil Biology and Biochemistry | journal | 3.453 Q1 | 266 | 256 | 921 | 18891 | 9993 | 916 | 10.47 | 73.79 | 39.41 | 
498 | Stata Journal | journal | 3.453 Q1 | 104 | 55 | 153 | 946 | 886 | 138 | 2.99 | 17.20 | 18.18 | 
499 | Annals of Tourism Research | journal | 3.447 Q1 | 216 | 129 | 529 | 8173 | 6125 | 510 | 9.42 | 63.36 | 39.68 | 
500 | Advanced Drug Delivery Reviews | journal | 3.411 Q1 | 366 | 198 | 737 | 40639 | 12569 | 702 | 15.21 | 205.25 | 40.22 |
